"Cas";"Types";"Implementation";"Avant";"Apres";"Ecart_medianes_pct";"Ecart_apparie_median_pct";"Ecart_apparie_min_pct";"Ecart_apparie_max_pct";"Avant_min";"Avant_max";"Apres_min";"Apres_max"
"Double";"2";"Mini";"6,5715";"6,6415";"1,0652058129802855";"0,3534403056724089";"-1,6116770564087002";"2,5084641428131604";"6,444";"6,791";"6,359";"6,714"
"Double";"2";"Mini_prepare";"5,579000000000001";"5,577";"-0,03584871840832671";"-0,23190118809911509";"-6,473655817299051";"6,1317183951551835";"5,267";"5,61";"5,201";"5,608"
"Double";"2";"Boost_reference";"11,4145";"11,41";"-0,03942354023391825";"-0,13124230667018733";"-4,788121454788119";"0,5450070323488099";"11,376";"11,988";"11,361";"11,45"
"Double";"2";"Boost_prepare";"6,3805";"6,396";"0,24292767024527429";"0,2831061429524384";"-4,886452623335935";"5,225106802497526";"6,085";"6,467";"6,073";"6,485"
"Double";"8";"Mini";"5,8375";"5,840999999999999";"0,05995717344751128";"0,1889424058320821";"-0,9697175910173605";"0,3920900102284408";"5,8";"5,878";"5,816";"5,889"
"Double";"8";"Mini_prepare";"6,250500000000001";"6,2765";"0,4159667226621755";"0,5114311107024871";"-1,1661341853035023";"1,7461600646726083";"6,17";"6,306";"6,187";"6,332"
"Double";"8";"Boost_reference";"13,437";"13,438";"0,00744213738186339";"-0,04837389298205652";"-1,070031731975496";"0,6425582785415385";"13,374";"13,57";"13,406";"13,533"
"Double";"8";"Boost_prepare";"7,282";"7,286";"0,05492996429552477";"-0,36286875094465043";"-0,9880887926366988";"22,562827948080646";"7,242";"7,388";"7,25";"8,876"
"Heritage virtuel";"2";"Mini";"10,0105";"9,962";"-0,48449128415164466";"-0,444087657627501";"-3,679254441316371";"1,3384321223709472";"9,933";"10,312";"9,895";"10,07"
"Heritage virtuel";"2";"Mini_prepare";"7,694";"7,711";"0,22095139069404635";"0,23399684743511395";"-0,5554120382330163";"1,016154247003631";"7,652";"7,742";"7,699";"7,754"
"Heritage virtuel";"2";"Boost_reference";"10,252500000000001";"10,2195";"-0,3218727139722155";"-0,33251301785452436";"-3,8837690426932525";"0,2641361768734196";"10,19";"10,634";"10,181";"10,273"
"Heritage virtuel";"2";"Boost_prepare";"7,8715";"7,869";"-0,0317601473670881";"-0,03178474400348241";"-0,4555808656036553";"0,6355662895640046";"7,85";"7,915";"7,85";"7,917"
"Simple";"2";"Mini";"6,809";"6,779";"-0,44059333235424436";"-0,183479225833455";"-5,6897030252567316";"0,3109729009329154";"6,749";"7,206";"6,753";"6,829"
"Simple";"2";"Mini_prepare";"3,6895";"3,706";"0,44721506979266135";"-0,10763538854124399";"-7,35551663747811";"1,3873775843307845";"3,663";"3,997";"3,66";"3,732"
"Simple";"2";"Boost_reference";"6,975";"6,9835";"0,12186379928316171";"0,05025125628140836";"-9,227774172615188";"0,4889975550122161";"6,951";"7,705";"6,952";"7,004"
"Simple";"2";"Boost_prepare";"4,0015";"3,9995000000000003";"-0,04998125702860845";"0,2119761083381022";"-7,8006000461574025";"1,1295180722891596";"3,981";"4,333";"3,975";"4,029"
"Simple";"8";"Mini";"3,6075";"3,6029999999999998";"-0,1247401247401303";"-0,13835137681824095";"-0,6906077348066253";"0,27762354247640175";"3,595";"3,621";"3,595";"3,616"
"Simple";"8";"Mini_prepare";"6,0275";"6,0175";"-0,16590626296142386";"-0,315281091268077";"-1,0202402501234165";"0,6655574043261225";"6,01";"6,077";"5,988";"6,05"
"Simple";"8";"Boost_reference";"11,0655";"11";"-0,5919298721250743";"-0,17858054207754437";"-1,5121689334287813";"0,23709648002918637";"10,966";"11,216";"10,967";"11,179"
"Simple";"8";"Boost_prepare";"5,2825";"5,2855";"0,056791292001889815";"0,09400667954332365";"-2,7983691623424733";"1,3933956861996721";"5,239";"5,396";"5,245";"5,344"
"Simple";"32";"Mini";"12,4115";"11,864";"-4,411231519155612";"-3,822646185244971";"-5,986112219650408";"1,8867924528301883";"12,163";"12,529";"11,737";"12,474"
"Simple";"32";"Mini_prepare";"6,214499999999999";"6,045";"-2,727492155442901";"-2,3583655284440344";"-8,455082374883439";"6,933511974543616";"5,971";"6,442";"5,89";"6,441"
"Simple";"32";"Boost_reference";"12,0105";"11,812000000000001";"-1,6527205361974828";"-0,7145321685544437";"-4,344255563767763";"4,839685420447681";"11,571";"12,198";"11,597";"12,165"
"Simple";"32";"Boost_prepare";"6";"5,8555";"-2,4083333333333345";"-2,3989663117255033";"-7,221076019679417";"6,429780033840937";"5,863";"6,301";"5,841";"6,29"
